Bacterial feeders nematodes,,,,
Fungal feeders nematodes,,,,
Omnivore-predatory nematodes,,,,
Plant feeders nematodes,,,,
Omnivore nematodes,,,,
Predatory nematodes,,,,
Soil fauna,,,,
Soil macrofauna,,,,
Soil microfauna,,,,
Soil mesofauna,,,,
Soil microbiome,,,,
Acari,,,,
Ants,,,,
Archaea,,,,
Bacteria,,,,
Coleoptera,,,,
Collembola,,,,
Denitrifying archaea,,,,
Denitrifying bacteria,,,,
Denitrifying fungi,,,,
Diplura,,,,
Earthworms,,,,
Enchytraeids,,,,
Fungi,,,,
Growth promoting archaea,,,,
Growth promoting bacteria,,,,
Growth promoting fungi,,,,
Growth promoting protozoa,,,,
Herbivorous acari,,,,
Isopods,,,,
Methanogenic archaea,,,,
Methanotrophic archaea,,,,
Methanotrophic bacteria,,,,
Millipedes,,,,
Mycorrhizal fungi,,,,
N-fixing archaea,,,,
N-fixing bacteria,,,,
Nematodes,,,,
Nitrifying archaea,,,,
Nitrifying bacteria,,,,
Nitrifying fungi,,,,
Parasitic bacteria,,,,
Parasitic fungi,,,,
Parasitic oomycetes,,,,
Parasitic protozoa,,,,
Parasitoid insects,,,,
Pest insects,,,,
Pest parasitic nematodes,,,,
Plant roots,,,,
Predatory ants,,,,
Predatory bacteria,,,,
Predatory fungi,,,,
Predatory insects,,,,
Protozoa,,,,
Saprotrophic fungi,,,,
Spiders,,,,
Virus,,,,